id,photo_id,place_id,photo_name
17,2068,9904433,5656584.jpeg
18,9981533910,30986,19597623.jpeg
19,18539752,4425779455,6169.jpg
20,433083,2540806,909831086.jpg
21,66188,6585,2035241233.jpg
22,50134,3356,119275.jpg
23,5131549,442578,913390049.jpg
24,69,5354652,1673757.jpg
25,7870328227,29192,8693996.jpg
26,20860,43096,04534.jpg
27,3904,4618,7299122.jpg
28,475152089,9904433,6371256.jpg
29,152644543,785783374,2869716.jpg
30,22969,7502,8152.jpeg
31,637310258,2214,521895.jpg
32,99067,47893,49721.jpg
33,5100,1926167,518181149.jpg
34,809556,28048237,325045789.jpg
35,86850154,76436336,44179.jpg
36,102482,62280148,1916936551.jpg
37,9152845,5161227,205749.jpeg
38,22038,190326,6933.jpg
39,34404,554079,13876061.jpg
40,741,660412,7318.jpeg
41,30706,861331008,5666218.jpeg
42,9550912,866590462,957443.jpg
43,5171828238,5570754983,7192.jpg
44,534573230,5052400005,106070030.jpeg
45,906673712,6599683142,45657212.jpg
46,132373929,829260,061542920.jpg
47,531454,51736,798591124.jpeg
48,878578856,695118161,55842.jpeg
49,6700388941,8527,902215.jpeg
50,63050,3109,663971810.jpg
51,7040814983,6028640,3021044154.jpg
52,17810632,9167819682,1266.jpg
53,44352923,985698,766317866.jpg
54,3688816,5664117375,7930005564.jpg
55,77064196,3876,16186.jpg
56,6246713715,60119586,7917413570.jpeg
57,7358594087,3422852,844540882.jpg
58,1304376,48458436,787232.jpg
59,827161947,296120162,8281775929.jpg
60,4178346372,787016,7614466906.jpg
61,882187923,1945,6656813.jpeg
62,3488982,4523,4568630.jpeg
63,42952,891,99490.jpg
64,57808,84852,193077.jpeg
65,645502,831945759,9497553633.jpeg
